{
    "MSE": 0.4139160952098939,
    "R2_Score": 0.3471596304988427,
    "Best_Alpha": 0.01
}